time_launch_ms,filtered_altitude_ft,unfiltered_altitude_ft,pressure,temperature,acceleration_x_g,acceleration_y_g,acceleration_z_g,gyro_x_rate,gyro_y_rate,gyro_z_rate,max_altitude_ft,apogee_counter,event#,servo_x_state,servo_y_state,error_flag 
10,2.196676,4.417168,1015.73,-1,0.7412109,15.99805,0.2910156,2.586875,-59.62594,0.04718757,9.149079,1,1,False,False,177
130,-0.9300241,-4.056725,1016.041,50.99504,0.5981445,15.97461,0.3125,48.165,-66.89156,-10.67156,9.149079,2,1,False,False,177
145,-0.6651616,-0.4002991,1015.906,-1,0.7783203,13.33984,-0.03466797,66.96188,-107.8759,-16.32781,9.149079,3,1,False,False,177
229,8.019146,16.70345,1015.278,-1,1.112793,0.8500977,1.905762,83.36813,-161.8134,-59.90594,9.149079,4,1,False,False,177
296,5.438349,2.857552,1015.787,-1,2.127441,-1.366211,2.233398,82.165,-68.40719,-35.45281,9.149079,5,1,False,False,177
364,9.831874,14.2254,1015.369,-1,1.500977,-1.625488,2.638184,84.27438,45.42094,-3.655937,9.149079,6,2,False,False,177
434,14.83594,19.84001,1015.163,49.80276,-0.5268555,-1.276367,2.291504,83.82125,204.0616,12.70344,9.831874,0,2,False,False,177
503,24.20027,33.5646,1014.66,-1,-1.838867,-0.9384766,3.305176,69.83688,186.9991,14.34406,14.83594,0,2,False,False,177
573,35.14688,46.09349,1014.201,49.40678,-0.675293,-0.8720703,3.532715,56.08688,-127.4697,-15.67156,24.20027,0,2,False,False,177
645,41.56462,47.98235,1014.131,-1,0.9506836,-1.389648,2.97168,52.8525,-117.6728,-37.81219,35.14688,0,2,False,False,177
814,57.09443,72.62424,1013.229,-1,0.01513672,-0.9189453,2.52832,63.415,49.46781,-2.359062,41.56462,0,2,False,False,177
884,70.11003,83.12563,1012.844,-1,0.1821289,-0.8759766,2.252441,73.89938,53.42094,6.328438,57.09443,0,2,False,True,177
954,79.32549,88.54095,1012.645,-1,0.07177734,-0.5341797,2.590332,78.13375,-120.8603,11.26594,70.11003,0,2,False,True,177
1027,84.05452,88.78355,1012.637,-1,0.96875,-0.5336914,1.899414,79.2275,-251.8134,-3.671562,79.32549,0,2,False,True,177
1098,89.3953,94.73608,1012.419,-1,1.210449,-0.5649414,2.152344,89.71188,-170.1572,-1.359062,84.05452,0,2,False,True,177
1169,95.67446,101.9536,1012.155,-1,1.018066,-0.5268555,1.501953,72.05563,-25.31344,41.32844,89.3953,0,2,False,True,177
1241,100.9455,106.2166,1011.999,-1,0.171875,-0.5688477,1.522461,63.11813,87.90531,-2.234062,95.67446,0,2,False,True,177
1317,107.0555,113.1655,1011.744,-1,0.3427734,-1.099121,2.405762,114.4619,101.3272,-60.64031,100.9455,0,2,False,True,177
1392,111.4795,115.9035,1011.644,-1,0.3012695,-0.3774414,1.678223,103.7744,63.42094,-87.85906,107.0555,0,2,False,True,177
1466,112.8207,114.1619,1011.708,-1,0.2431641,-0.1835938,1.367188,58.11813,-1.016562,-69.31219,111.4795,0,2,False,True,177
1542,116.9485,121.0762,1011.455,-1,0.09179688,-0.2866211,0.6591797,14.77437,-25.90719,-59.23406,112.8207,0,2,False,True,177
1618,118.6311,120.3137,1011.483,-1,0.2734375,-0.2998047,0.7490234,-8.100625,43.74906,-67.74969,116.9485,0,2,False,True,177
1805,122.9772,127.3233,1011.226,-1,0.2495117,-0.1884766,0.3764648,16.13375,167.3584,-29.74969,118.6311,0,2,False,True,177
1884,124.7517,126.5262,1011.256,47.8726,0.1748047,-0.1855469,0.34375,23.71188,171.9053,-17.59344,122.9772,0,2,False,True,177
1964,125.6389,126.5262,1011.256,47.89082,0.1953125,-0.2148438,0.34375,26.02438,173.0303,-6.093437,124.7517,0,2,False,True,177
2045,125.4977,125.3565,1011.298,-1,0.1318359,-0.1816406,0.2451172,27.99313,134.1241,1.765938,125.6389,0,2,False,True,177
2125,125.2105,124.9232,1011.314,-1,0.0078125,-0.1791992,0.3652344,28.99313,98.70219,5.422188,125.6389,1,2,False,True,177
2206,124.0488,122.8871,1011.389,-1,0.1083984,-0.1928711,0.3779297,30.07125,70.43656,5.828438,125.6389,2,2,False,True,177
2289,123.2946,122.5405,1011.401,-1,0.1450195,-0.2412109,0.2910156,31.49313,45.13969,5.922188,125.6389,3,2,False,True,177
2370,121.0027,118.7108,1011.541,-1,0.152832,-0.2075195,0.3300781,31.33688,23.17094,7.109688,125.6389,4,2,False,True,177
2452,120.1384,119.274,1011.521,-1,0.2836914,-0.1875,0.3623047,31.44625,8.280313,10.17219,125.6389,5,3,True,True,177
2587,117.2888,114.4392,1011.698,48.12302,0.3735352,-0.2060547,0.3525391,33.79,9.702188,17.71906,125.6389,5,3,True,True,177
2653,114.7029,112.1171,1011.783,-1,0.3574219,-0.2182617,0.3959961,36.80563,12.88969,22.23469,125.6389,5,3,True,True,177
2715,110.8193,106.9357,1011.972,-1,0.3852539,-0.2666016,0.4125977,38.9775,3.920938,24.39094,125.6389,5,3,True,True,177
2888,104.7142,98.60912,1012.277,-1,0.2514648,-0.3310547,0.4755859,46.9775,-62.95406,28.51594,125.6389,5,3,True,True,177
2962,99.89844,95.08266,1012.406,47.97277,0.4921875,-0.2099609,0.3935547,58.7275,-60.45406,29.81281,125.6389,5,3,True,True,177
3026,98.17938,96.46032,1012.356,-1,0.3979492,-0.2900391,0.5600586,79.29,-87.43844,26.62531,125.6389,5,3,True,True,177
3092,93.3645,88.54961,1012.645,47.60851,0.5136719,-0.2172852,0.7216797,87.74313,-107.0009,19.73469,125.6389,5,3,True,True,177
3157,87.5909,81.81729,1012.892,-1,0.5175781,-0.4604492,0.8242188,82.33688,-86.90719,24.71906,125.6389,5,3,True,True,177
3226,86.25504,84.91918,1012.778,-1,0.4936523,-0.2714844,0.8925781,72.1025,-18.00094,36.46906,125.6389,5,3,True,True,177
3297,83.26069,80.26634,1012.949,-1,0.4179688,-0.4248047,0.8642578,75.415,36.24906,53.65656,125.6389,5,3,True,True,177
3366,83.19749,83.13429,1012.844,-1,0.3198242,-0.4360352,1.079102,65.07125,48.96781,62.32844,125.6389,5,3,True,True,177
3435,77.82422,72.45094,1013.235,-1,-0.01708984,-0.4130859,1.288086,53.38375,-5.094687,62.21906,125.6389,5,3,True,True,177
3506,72.88481,67.9454,1013.4,-1,0.1943359,-0.4770508,1.188965,50.30563,-92.32906,50.31281,125.6389,5,3,True,True,177
3576,69.55732,66.22983,1013.463,-1,0.1694336,-0.4282227,1.227051,59.57125,-149.3134,39.12531,125.6389,5,3,True,True,177
3647,66.22132,62.88532,1013.585,-1,0.3754883,-0.512207,1.06543,63.19625,-217.6259,21.50031,125.6389,5,3,True,True,177
3830,62.13592,58.05052,1013.762,-1,0.6245117,-0.4882813,1.166504,55.7275,-50.64156,30.53156,125.6389,5,3,True,True,177
3904,58.71556,55.2952,1013.864,45.23093,0.574707,-0.3720703,0.9511719,59.04,60.20219,21.06281,125.6389,5,3,True,True,177
3978,55.0472,51.37885,1014.007,45.07147,0.03027344,-0.4599609,0.8837891,34.46188,137.3584,22.62531,125.6389,5,3,True,True,177
4050,50.99491,46.94261,1014.17,-1,0.0234375,-0.3481445,1.126465,25.4775,130.4991,24.46906,125.6389,5,3,True,True,177
4123,50.38974,49.78457,1014.065,44.77076,-0.2172852,-0.4599609,1.029785,13.04,67.84281,23.73469,125.6389,5,3,True,True,177
4200,48.31093,46.23212,1014.195,-1,0.01660156,-0.5073242,0.8505859,20.64938,-24.61031,7.281563,125.6389,5,3,True,True,177
4274,44.16096,40.011,1014.424,-1,0.02148438,-0.4555664,0.8569336,29.52438,-106.8134,-0.7653124,125.6389,5,3,True,True,177
4354,40.40507,36.64917,1014.547,-1,0.3852539,-0.5253906,0.840332,35.665,-179.0791,-11.89031,125.6389,5,3,True,True,177
4434,36.43897,32.47287,1014.7,44.28319,0.4536133,-0.5288086,0.7719727,37.36813,-139.8291,-4.296562,125.6389,5,3,True,True,177
4515,36.97729,37.51562,1014.515,-1,0.6132813,-0.4418945,0.9379883,36.55563,-48.00094,11.87531,125.6389,5,3,True,True,177
4594,31.77915,26.581,1014.916,-1,0.637207,-0.4697266,0.9223633,34.82125,-34.89156,33.95344,125.6389,5,3,True,True,177
4674,26.6587,21.53825,1015.101,-1,0.3066406,-0.59375,0.9174805,40.08688,11.04594,62.18781,125.6389,5,3,True,True,177
4863,20.20811,13.75751,1015.387,43.69531,-0.0009765625,-0.7075195,1.23877,41.25875,47.42094,63.48469,125.6389,5,3,True,True,177
4947,17.13877,14.06944,1015.375,43.57225,-0.04833984,-0.5820313,1.356445,27.77438,-27.73531,40.70344,125.6389,5,3,True,True,177
5032,13.12605,9.113335,1015.557,43.47654,-0.3696289,-1.300781,0.7875977,58.55563,121.2491,49.59406,125.6389,5,3,True,True,177
5117,18.14662,23.16718,1015.041,43.38995,-1.964844,-3.297363,1.801758,108.2744,519.9366,214.9534,125.6389,5,3,True,True,177
5202,21.40205,24.65748,1014.987,-1,-3.492188,-0.7651367,-3.630859,-277.5225,519.9366,377.8284,125.6389,5,3,True,True,177
5333,16.37541,11.34878,1015.475,-1,1.402344,0.7543945,-0.5205078,9.38375,259.9991,-5.296562,125.6389,5,3,True,True,177
5397,11.42737,6.479324,1015.654,-1,0.6875,0.04150391,-1.989746,143.2275,-353.3603,78.32844,125.6389,5,3,True,True,177
5463,4.534443,-2.358482,1015.978,-1,-4.035645,8.319824,-15.99902,190.4306,-504.0166,-7.234062,125.6389,5,3,True,True,177
5527,1.399904,-1.734634,1015.955,43.64518,-0.6928711,0.4394531,1.933594,-31.24125,191.0459,73.26594,125.6389,5,4,True,True,177
5593,0.5864459,-0.2270126,1015.9,-1,-0.2905273,0.008300781,0.3574219,-14.25688,198.4209,96.81281,125.6389,5,4,True,True,177
5662,0.7602411,0.9340363,1015.857,43.80469,0.2089844,0.06591797,0.07714844,-22.05375,215.4522,96.81281,125.6389,5,4,True,True,177
5727,2.978608,5.196976,1015.701,-1,-0.01367188,-0.09423828,-0.3637695,-26.67875,204.1553,76.78156,125.6389,5,4,True,True,177
5904,2.320229,1.66185,1015.83,-1,0.02050781,-0.3041992,-0.9082031,-36.585,-248.7197,14.67219,125.6389,5,4,True,True,177
5972,1.696446,1.072662,1015.852,-1,-0.07324219,0.04931641,-1.455078,-40.74125,-308.5009,17.42219,125.6389,5,4,True,True,177
6048,0.310156,-1.076134,1015.931,-1,-0.8061523,0.07910156,-0.8476563,12.86812,-71.07906,-9.484062,125.6389,5,4,True,True,177
6117,0.7000762,1.089996,1015.851,-1,-0.4555664,0.06982422,-0.8745117,-2.67875,54.32719,2.531563,125.6389,5,4,True,True,177
6186,-0.006075353,-0.7122269,1015.918,-1,-0.3051758,0.06005859,-0.9741211,-2.600625,102.1241,0.6096876,125.6389,5,4,True,True,177
6256,-0.2551777,-0.5042801,1015.91,-1,-0.1972656,0.02783203,-0.9238281,-0.850625,1.295938,-0.6871874,125.6389,5,4,True,True,177
6331,1.153894,2.562965,1015.797,44.3561,-0.3994141,0.02148438,-0.9526367,-1.55375,-25.65719,0.3596876,125.6389,5,4,True,True,177
6405,0.7840278,0.4141617,1015.876,44.41079,-0.3266602,0.04052734,-0.934082,-0.05375004,9.702188,-0.3903124,125.6389,5,4,True,True,177
6480,0.6684116,0.5527954,1015.871,-1,-0.2592773,0.03515625,-0.9599609,-0.17875,-1.750937,0.07843757,125.6389,5,4,True,True,177
6555,1.529042,2.389671,1015.804,44.46547,-0.3212891,0.005371094,-0.9829102,-0.131875,9.780313,-0.5621874,125.6389,5,4,True,True,177
6631,0.5816976,-0.3656464,1015.905,-1,-0.3007813,0.01025391,-0.9741211,0.118125,-2.657187,0.4221876,125.6389,5,4,True,True,177
6707,1.295064,2.00843,1015.818,-1,-0.2895508,0.05664063,-0.8427734,-0.11625,0.8740625,0.1721876,125.6389,5,4,True,True,177
6890,1.149207,1.003349,1015.855,-1,-0.3295898,0.03564453,-0.9189453,0.03999996,-0.8290625,0.3128126,125.6389,5,4,True,True,177
6965,1.076278,1.003349,1015.855,-1,-0.2973633,0.03515625,-0.9204102,0.08687496,0.1396875,0.1253126,125.6389,5,4,True,True,177
7043,1.750305,2.424332,1015.803,44.53837,-0.3076172,0.03466797,-0.9213867,0.008749962,-4.579062,0.5159376,125.6389,5,4,True,True,177
7119,1.506794,1.263283,1015.845,-1,-0.3144531,0.0390625,-0.9165039,0.05562496,0.6865625,0.07843757,125.6389,5,4,True,True,177
7198,3.247911,4.989029,1015.708,-1,-0.3173828,0.03662109,-0.9174805,0.008749962,-2.016562,0.2659376,125.6389,5,4,True,True,177
7279,0.401391,-2.445129,1015.981,44.55204,-0.3115234,0.03759766,-0.9165039,0.03999996,-0.9071875,0.1721876,125.6389,5,4,True,True,177
7359,0.9709706,1.54055,1015.835,44.53837,-0.3129883,0.03808594,-0.9160156,-0.006875038,-0.2509375,0.1409376,125.6389,5,4,True,True,177
7443,0.7185595,0.4661484,1015.874,44.56115,-0.3134766,0.03613281,-0.9165039,0.008749962,-0.5478125,0.1878126,125.6389,5,4,True,True,177
7525,1.207535,1.69651,1015.829,-1,-0.3129883,0.03759766,-0.9140625,0.02437496,-0.4384375,0.1721876,125.6389,5,4,True,True,177
7608,2.604404,4.001274,1015.745,-1,-0.3129883,0.03613281,-0.9150391,-0.006875038,-0.4071875,0.1878126,125.6389,5,4,True,True,177
7693,2.453714,2.303024,1015.807,44.58849,-0.3134766,0.03710938,-0.9155273,0.008749962,-0.5321875,0.1721876,125.6389,5,4,True,True,177
7777,2.68163,2.909546,1015.784,44.59305,-0.3139648,0.03808594,-0.9165039,0.02437496,-0.5634375,0.1721876,125.6389,5,4,True,True,177
8018,1.374606,0.06758118,1015.889,-1,-0.3149414,0.03662109,-0.9150391,0.02437496,-0.4853125,0.1878126,125.6389,5,4,True,True,177
8081,2.142076,2.909546,1015.784,-1,-0.3134766,0.03710938,-0.9169922,-0.02250004,-0.3446875,0.1878126,125.6389,5,4,True,True,177
8147,1.382092,0.6221085,1015.869,44.59761,-0.3125,0.03613281,-0.9135742,0.07124996,-0.3134375,0.1409376,125.6389,5,4,True,True,177
8213,1.573958,1.765823,1015.827,-1,-0.3129883,0.03710938,-0.9145508,0.008749962,-0.4071875,0.1253126,125.6389,5,4,True,True,177
8281,0.2142516,-1.145454,1015.934,44.59305,-0.3134766,0.03759766,-0.9150391,0.02437496,-0.3915625,0.1253126,125.6389,5,4,True,True,177
8348,0.1062599,-0.001731873,1015.891,-1,-0.3134766,0.03759766,-0.9150391,-0.02250004,-0.4540625,0.1721876,125.6389,5,4,True,True,177
8416,0.3208606,0.5354614,1015.872,44.57483,-0.3125,0.03564453,-0.9150391,0.05562496,-0.4228125,0.1878126,125.6389,5,4,True,True,177
